ประเทศ,วัตถุประสงค์ของการเดินทาง,2554,2555,2556,2557,2558,2559,2560,2561,2562,2563,
เอเชียตะวันออก,รวม,"10,548,965","12,775,001","16,097,468","14,767,849","20,093,929","21,861,353","24,166,276","26,225,446","27,669,963","3,786,050",
เอเชียตะวันออก,ท่องเที่ยว,"5,081,447","10,800,061","13,902,765","12,637,081","17,805,657","20,456,887","22,438,058","24,151,974","25,336,746","3,517,908",
เอเชียตะวันออก,ธุรกิจ, - , - , - , - , - ,"560,218","605,482","734,966","693,356","79,555",
เอเชียตะวันออก,ประชุมของหน่วยงาน,"1,625,394","425,885","466,960","431,682","521,024","235,064","283,376","293,322","357,160","35,098",
เอเชียตะวันออก,ประชุมเชิงธุรกิจ,"1,655,656","24,346","45,201","39,938","48,351","22,869","54,693","60,661","65,823","4,562",
เอเชียตะวันออก,ประชุมของสมาคม,"1,291,117","54,015","45,608","40,630","58,148","31,168","46,502","57,759","65,727","5,251",
เอเชียตะวันออก,งานแสดงสินค้า/นิทรรศการ,"45,634","28,204","35,199","32,714","56,244","18,340","40,753","67,986","65,480","8,641",
เอเชียตะวันออก,การศึกษา, - , - , - , - , - ,"87,431","119,318","136,672","166,813","25,656",
เอเชียตะวันออก,การจ้างแรงงาน, - , - , - , - , - ,"78,930","90,085", - , - , - ,
เอเชียตะวันออก,การขนส่ง, - , - , - , - , - ,"118,088","152,360","186,966", - , - ,
เอเชียตะวันออก,การกีฬา, - , - , - , - , - , - , - ,"103,827","267,864","41,175",
เอเชียตะวันออก,ทางการแพทย์, - , - , - , - , - , - , - ,"55,300","112,114","21,861",
เอเชียตะวันออก,อื่น ๆ,"849,717","1,442,490","1,601,735","1,585,804","1,604,505","252,358","335,649","376,013","538,880","46,343",
กลุ่มอาเซียน,รวม,"5,718,005","6,462,647","7,410,441","6,770,584","8,078,262","8,897,291","9,644,324","10,348,768","10,876,922","1,645,994",
กลุ่มอาเซียน,ท่องเที่ยว,"2,799,186","5,389,971","6,217,862","5,737,213","6,931,611","8,245,182","8,772,492","9,473,423","9,789,331","1,532,098",
กลุ่มอาเซียน,ธุรกิจ, - , - , - , - , - ,"205,545","235,448","286,178","276,383","26,330",
กลุ่มอาเซียน,ประชุมของหน่วยงาน,"1,016,933","257,668","275,042","229,592","276,786","116,238","141,577","138,020","176,300","17,349",
กลุ่มอาเซียน,ประชุมเชิงธุรกิจ,"859,734","6,318","11,120","9,586","13,287","4,959","25,828","19,797","21,611","1,669",
กลุ่มอาเซียน,ประชุมของสมาคม,"536,905","37,787","31,028","24,192","38,522","22,523","30,969","29,701","36,916","2,447",
กลุ่มอาเซียน,งานแสดงสินค้า/นิทรรศการ,"27,773","18,030","20,392","17,552","33,859","8,992","19,297","24,562","25,267","4,409",
กลุ่มอาเซียน,การศึกษา, - , - , - , - , - ,"38,546","64,022","57,976","78,527","9,870",
กลุ่มอาเซียน,การจ้างแรงงาน, - , - , - , - , - ,"39,237","42,400", - , - , - ,
กลุ่มอาเซียน,การขนส่ง, - , - , - , - , - ,"55,099","87,683","71,528", - , - ,
กลุ่มอาเซียน,การกีฬา, - , - , - , - , - , - , - ,"29,873","94,012","10,521",
กลุ่มอาเซียน,ทางการแพทย์, - , - , - , - , - , - , - ,"30,940","85,871","17,459",
กลุ่มอาเซียน,อื่น ๆ,"477,474","752,873","854,997","752,449","784,197","160,970","224,608","186,770","292,704","23,842",
บรูไนดารุสซาลาม,รวม,"10,142","13,319","16,181","13,927","17,433","17,994","18,249","18,460","19,858","2,444",
บรูไนดารุสซาลาม,ท่องเที่ยว,"5,273","11,216","13,897","11,608","15,081","15,813","15,685","16,147","16,858","2,178",
บรูไนดารุสซาลาม,ธุรกิจ, - , - , - , - , - ,369,416,639,437,46,
บรูไนดารุสซาลาม,ประชุมของหน่วยงาน,"1,615",558,531,685,652,450,438,475,818,67,
บรูไนดารุสซาลาม,ประชุมเชิงธุรกิจ,"1,468", - ,27,18,12,7,21,1,7, - ,
บรูไนดารุสซาลาม,ประชุมของสมาคม,803,183,134,86,177,98,129,93,147,4,
บรูไนดารุสซาลาม,งานแสดงสินค้า/นิทรรศการ,16,8,70,55,93,34,62,85,106,9,
บรูไนดารุสซาลาม,การศึกษา, - , - , - , - , - ,250,290,173,205,37,
บรูไนดารุสซาลาม,การจ้างแรงงาน, - , - , - , - , - ,39,49, - , - , - ,
บรูไนดารุสซาลาม,การขนส่ง, - , - , - , - , - ,477,440,243, - , - ,
บรูไนดารุสซาลาม,การกีฬา, - , - , - , - , - , - , - ,218,452,64,
บรูไนดารุสซาลาม,ทางการแพทย์, - , - , - , - , - , - , - ,81,130,2,
บรูไนดารุสซาลาม,อื่น ๆ,967,"1,354","1,522","1,475","1,418",457,719,305,698,37,
กัมพูชา,รวม,"271,265","430,538","487,001","555,852","544,818","684,836","851,879","950,980","925,437","164,270",
กัมพูชา,ท่องเที่ยว,"123,919","292,795","350,068","400,125","412,702","651,321","792,488","862,702","792,313","146,245",
กัมพูชา,ธุรกิจ, - , - , - , - , - ,"3,091","10,055","22,347","12,729","1,264",
กัมพูชา,ประชุมของหน่วยงาน,"26,846","42,669","37,571","39,280","31,528","6,284","8,894","9,211","12,669","1,542",
กัมพูชา,ประชุมเชิงธุรกิจ,"43,574",406,930,"1,284",597,312,"1,567","1,149","1,448",49,
กัมพูชา,ประชุมของสมาคม,"38,128","2,558","2,013","1,961","1,174",240,859,"1,414",963,106,
กัมพูชา,งานแสดงสินค้า/นิทรรศการ,"4,050","1,471","2,006","1,931","1,921",180,"1,126","1,971","1,531",242,
กัมพูชา,การศึกษา, - , - , - , - , - ,"1,774","3,161","6,108","9,788","1,664",
กัมพูชา,การจ้างแรงงาน, - , - , - , - , - ,303,633, - , - , - ,
กัมพูชา,การขนส่ง, - , - , - , - , - ,"3,598","5,085","4,793", - , - ,
กัมพูชา,การกีฬา, - , - , - , - , - , - , - ,"2,559","10,861","1,949",
กัมพูชา,ทางการแพทย์, - , - , - , - , - , - , - ,"8,701","28,010","6,596",
กัมพูชา,อื่น ๆ,"34,748","90,639","94,413","111,271","96,896","17,733","28,011","30,025","55,125","4,613",
อินโดนีเซีย,รวม,"370,681","449,360","595,015","495,662","470,820","558,499","594,060","644,479","706,908","96,993",
อินโดนีเซีย,ท่องเที่ยว,"186,578","370,910","491,028","403,286","380,605","491,004","516,242","565,927","611,680","87,641",
อินโดนีเซีย,ธุรกิจ, - , - , - , - , - ,"16,294","16,679","19,988","19,639","2,199",
อินโดนีเซีย,ประชุมของหน่วยงาน,"34,400","24,100","32,165","29,032","26,341","16,754","18,022","18,241","23,691","2,078",
อินโดนีเซีย,ประชุมเชิงธุรกิจ,"41,804",677,"1,725","1,325","1,986",746,"1,613","1,032","1,093",95,
อินโดนีเซีย,ประชุมของสมาคม,"75,585","4,212","4,278","3,395","4,332","3,122","3,888","3,254","4,578",268,
อินโดนีเซีย,งานแสดงสินค้า/นิทรรศการ,791,"1,988","3,313","3,211","3,940","2,194","2,930","2,842","3,366",414,
อินโดนีเซีย,การศึกษา, - , - , - , - , - ,"9,498","11,829","10,735","13,264","1,524",
อินโดนีเซีย,การจ้างแรงงาน, - , - , - , - , - ,"2,396","2,765", - , - , - ,
อินโดนีเซีย,การขนส่ง, - , - , - , - , - ,"7,101","9,663","8,812", - , - ,
อินโดนีเซีย,การกีฬา, - , - , - , - , - , - , - ,"1,994","5,197",934,
อินโดนีเซีย,ทางการแพทย์, - , - , - , - , - , - , - ,531,"2,255",270,
อินโดนีเซีย,อื่น ๆ,"31,523","47,473","62,506","55,413","53,616","9,390","10,429","11,123","22,145","1,570",
ลาว,รวม,"895,359","981,081","984,886","1,063,736","1,230,521","1,414,916","1,692,866","1,682,304","1,856,762","382,246",
ลาว,ท่องเที่ยว,"364,365","760,447","778,251","907,908","1,054,755","1,352,526","1,565,226","1,569,825","1,713,062","363,662",
ลาว,ธุรกิจ, - , - , - , - , - ,"1,349","4,484","38,168","41,534","2,203",
ลาว,ประชุมของหน่วยงาน,"157,653","58,627","43,822","31,983","45,498","1,460","2,716","5,139","8,824","1,955",
ลาว,ประชุมเชิงธุรกิจ,"105,944","1,936",912,469,680,12,"2,851","2,426","2,327",625,
ลาว,ประชุมของสมาคม,"161,516","5,617","2,036","2,380","2,627",77,358,"2,310","1,812",253,
ลาว,งานแสดงสินค้า/นิทรรศการ,"13,568","5,675",818,969,"7,093",12,"2,074","2,326","3,508","1,985",
ลาว,การศึกษา, - , - , - , - , - ,"1,285","7,677","4,378","10,259","1,959",
ลาว,การจ้างแรงงาน, - , - , - , - , - ,"8,147","3,530", - , - , - ,
ลาว,การขนส่ง, - , - , - , - , - ,"10,219","31,488","12,172", - , - ,
ลาว,การกีฬา, - , - , - , - , - , - , - ,"1,809","4,399","1,931",
ลาว,ทางการแพทย์, - , - , - , - , - , - , - ,"6,370","19,567","3,880",
ลาว,อื่น ๆ,"92,313","148,779","159,047","120,027","119,868","39,829","72,462","37,381","51,470","3,793",
มาเลเซีย,รวม,"2,492,034","2,546,072","3,031,072","2,603,671","3,407,553","3,506,199","3,493,112","4,042,998","4,274,458","612,922",
มาเลเซีย,ท่องเที่ยว,"1,323,271","2,345,595","2,788,373","2,438,091","3,136,406","3,398,725","3,334,973","3,857,884","4,060,505","589,548",
มาเลเซีย,ธุรกิจ, - , - , - , - , - ,"43,939","52,493","65,264","66,579","8,258",
มาเลเซีย,ประชุมของหน่วยงาน,"491,436","50,142","64,805","42,891","72,607","26,287","36,931","43,434","47,327","5,250",
มาเลเซีย,ประชุมเชิงธุรกิจ,"391,750","1,056","3,007","2,091","4,900",844,"8,749","3,484","3,987",322,
มาเลเซีย,ประชุมของสมาคม,"99,155","7,089","6,272","2,787","10,563","3,882","6,549","7,234","8,697",965,
มาเลเซีย,งานแสดงสินค้า/นิทรรศการ,"4,691","4,310","6,010","3,006","11,023","2,790","6,018","8,781","6,608",589,
มาเลเซีย,การศึกษา, - , - , - , - , - ,"4,204","12,536","8,919","8,840","1,238",
มาเลเซีย,การจ้างแรงงาน, - , - , - , - , - ,"6,853","10,166", - , - , - ,
มาเลเซีย,การขนส่ง, - , - , - , - , - ,"8,044","11,517","12,387", - , - ,
มาเลเซีย,การกีฬา, - , - , - , - , - , - , - ,"9,571","29,817","1,870",
มาเลเซีย,ทางการแพทย์, - , - , - , - , - , - , - ,"2,286","3,902",534,
มาเลเซีย,อื่น ๆ,"181,731","137,880","162,605","114,805","172,054","10,631","13,180","23,754","38,196","4,348",
พม่า,รวม,"111,545","129,714","173,272","207,749","263,422","363,871","387,722","379,880","389,301","54,941",
พม่า,ท่องเที่ยว,"50,806","76,616","105,177","125,681","185,984","280,779","298,092","298,289","296,838","43,631",
พม่า,ธุรกิจ, - , - , - , - , - ,"13,419","14,009","19,253","10,682","1,109",
พม่า,ประชุมของหน่วยงาน,"12,494","6,782","8,645","11,460","11,602","8,961","9,628","9,468","9,974",760,
พม่า,ประชุมเชิงธุรกิจ,"29,471",154,443,276,569,397,814,"1,131","1,015",51,
พม่า,ประชุมของสมาคม,"4,868",457,858,"1,363","1,302","1,270",810,"1,058","1,014",99,
พม่า,งานแสดงสินค้า/นิทรรศการ,439,556,"1,220",876,"1,243",917,"1,421","1,524","1,482",212,
พม่า,การศึกษา, - , - , - , - , - ,"6,609","8,573","7,647","6,874","1,162",
พม่า,การจ้างแรงงาน, - , - , - , - , - ,"2,338","2,475", - , - , - ,
พม่า,การขนส่ง, - , - , - , - , - ,"7,115","6,654","7,173", - , - ,
พม่า,การกีฬา, - , - , - , - , - , - , - ,"1,291","5,192",589,
พม่า,ทางการแพทย์, - , - , - , - , - , - , - ,"8,568","24,561","5,189",
พม่า,อื่น ๆ,"13,467","45,149","56,929","68,093","62,722","42,066","45,246","24,478","31,669","2,139",
ฟิลิปปินส์,รวม,"262,839","280,585","315,040","296,339","301,297","323,860","361,218","407,832","473,565","68,359",
ฟิลิปปินส์,ท่องเที่ยว,"125,978","216,327","243,034","234,023","227,597","254,053","270,847","328,904","366,337","59,639",
ฟิลิปปินส์,ธุรกิจ, - , - , - , - , - ,"12,684","15,070","17,691","15,425","1,221",
ฟิลิปปินส์,ประชุมของหน่วยงาน,"29,612","9,426","8,772","8,719","10,338","6,887","7,560","6,821","9,583",534,
ฟิลิปปินส์,ประชุมเชิงธุรกิจ,"42,465",798,785,"1,056","1,839","1,742","3,237","4,974","6,221",330,
ฟิลิปปินส์,ประชุมของสมาคม,"43,568","9,801","6,141","4,754","9,961","8,930","12,021","7,168","11,639",315,
ฟิลิปปินส์,งานแสดงสินค้า/นิทรรศการ,"1,654",660,"1,589","2,856","2,172",425,998,"1,505","2,359",233,
ฟิลิปปินส์,การศึกษา, - , - , - , - , - ,"4,145","5,029","4,633","5,411",731,
ฟิลิปปินส์,การจ้างแรงงาน, - , - , - , - , - ,"11,660","13,656", - , - , - ,
ฟิลิปปินส์,การขนส่ง, - , - , - , - , - ,"7,269","9,102","6,994", - , - ,
ฟิลิปปินส์,การกีฬา, - , - , - , - , - , - , - ,"2,226","8,091",964,
ฟิลิปปินส์,ทางการแพทย์, - , - , - , - , - , - , - ,844,"1,042",208,
ฟิลิปปินส์,อื่น ๆ,"19,562","43,573","54,719","44,931","49,390","16,065","23,698","26,072","47,457","4,184",
สิงคโปร์,รวม,"789,339","994,631","1,067,286","960,464","1,074,755","1,163,309","1,259,523","1,168,112","1,150,024","132,511",
สิงคโปร์,ท่องเที่ยว,"361,198","839,540","902,816","811,424","896,943","1,007,150","1,078,367","1,030,771","978,745","118,753",
สิงคโปร์,ธุรกิจ, - , - , - , - , - ,"87,586","91,387","61,771","76,410","6,783",
สิงคโปร์,ประชุมของหน่วยงาน,"186,174","25,688","29,544","27,347","40,376","33,541","40,557","28,827","43,494","3,236",
สิงคโปร์,ประชุมเชิงธุรกิจ,"114,092",624,"1,337","1,551","1,311",364,"5,539","3,524","2,978",77,
สิงคโปร์,ประชุมของสมาคม,"63,562","3,353","3,120","2,134","3,637","2,860","4,109","4,227","4,144",248,
สิงคโปร์,งานแสดงสินค้า/นิทรรศการ,"1,228","1,401","1,601","1,492","2,529","1,178","2,169","2,150","3,052",431,
สิงคโปร์,การศึกษา, - , - , - , - , - ,"4,969","6,915","6,397","7,688",336,
สิงคโปร์,การจ้างแรงงาน, - , - , - , - , - ,"5,989","6,970", - , - , - ,
สิงคโปร์,การขนส่ง, - , - , - , - , - ,"4,917","6,496","7,001", - , - ,
สิงคโปร์,การกีฬา, - , - , - , - , - , - , - ,"6,265","14,929",857,
สิงคโปร์,ทางการแพทย์, - , - , - , - , - , - , - ,"1,831","1,413",206,
สิงคโปร์,อื่น ๆ,"63,085","124,025","128,868","116,516","129,959","14,755","17,014","15,348","17,171","1,584",
เวียดนาม,รวม,"514,801","637,347","740,688","573,184","767,643","863,807","985,695","1,053,723","1,080,609","131,308",
เวียดนาม,ท่องเที่ยว,"257,798","476,525","545,218","405,067","621,538","793,811","900,572","942,974","952,993","120,801",
เวียดนาม,ธุรกิจ, - , - , - , - , - ,"26,814","30,855","41,057","32,948","3,247",
เวียดนาม,ประชุมของหน่วยงาน,"76,703","39,676","49,187","38,195","37,844","15,614","16,831","16,404","19,920","1,927",
เวียดนาม,ประชุมเชิงธุรกิจ,"89,166",667,"1,954","1,516","1,393",535,"1,437","2,076","2,535",120,
เวียดนาม,ประชุมของสมาคม,"49,720","4,517","6,176","5,332","4,749","2,044","2,246","2,943","3,922",189,
เวียดนาม,งานแสดงสินค้า/นิทรรศการ,"1,336","1,961","3,765","3,156","3,845","1,262","2,499","3,378","3,255",294,
เวียดนาม,การศึกษา, - , - , - , - , - ,"5,812","8,012","8,986","16,198","1,219",
เวียดนาม,การจ้างแรงงาน, - , - , - , - , - ,"1,512","2,156", - , - , - ,
เวียดนาม,การขนส่ง, - , - , - , - , - ,"6,359","7,238","11,953", - , - ,
เวียดนาม,การกีฬา, - , - , - , - , - , - , - ,"3,940","15,074","1,363",
เวียดนาม,ทางการแพทย์, - , - , - , - , - , - , - ,"1,728","4,991",574,
เวียดนาม,อื่น ๆ,"40,078","114,001","134,388","119,918","98,274","10,044","13,849","18,284","28,773","1,574",
จีน,รวม,"1,704,800","2,761,213","4,609,717","4,631,981","7,981,407","8,821,148","9,846,818","10,625,167","11,138,658","1,302,137",
จีน,ท่องเที่ยว,"763,107","2,458,810","4,213,589","4,123,898","7,444,928","8,551,358","9,542,946","10,025,429","10,580,301","1,235,006",
จีน,ธุรกิจ, - , - , - , - , - ,"91,775","96,199","170,136","126,682","12,521",
จีน,ประชุมของหน่วยงาน,"263,575","65,610","83,927","98,695","117,473","36,649","47,530","68,397","67,637","6,161",
จีน,ประชุมเชิงธุรกิจ,"243,690","13,896","26,333","20,827","30,198","15,636","22,889","31,594","33,814","2,374",
จีน,ประชุมของสมาคม,"308,676","4,927","7,012","8,878","10,513","3,405","7,025","15,403","16,812","1,957",
จีน,งานแสดงสินค้า/นิทรรศการ,"2,554","5,245","8,803","9,312","12,707","4,658","10,879","29,969","28,057","2,458",
จีน,การศึกษา, - , - , - , - , - ,"32,951","33,660","50,604","60,045","11,686",
จีน,การจ้างแรงงาน, - , - , - , - , - ,"18,382","23,467", - , - , - ,
จีน,การขนส่ง, - , - , - , - , - ,"27,326","21,305","68,355", - , - ,
จีน,การกีฬา, - , - , - , - , - , - , - ,"43,747","84,926","14,170",
จีน,ทางการแพทย์, - , - , - , - , - , - , - ,"15,715","20,097","3,671",
จีน,อื่น ๆ,"123,198","212,725","270,053","370,371","365,588","39,008","40,918","105,818","120,287","12,133",
ฮ่องกง,รวม,"531,192","604,900","694,084","559,284","708,435","690,465","798,460","1,047,559","1,090,121","131,988",
ฮ่องกง,ท่องเที่ยว,"273,759","546,280","620,804","506,768","651,395","653,004","742,256","961,564","1,011,980","125,696",
ฮ่องกง,ธุรกิจ, - , - , - , - , - ,"21,181","24,787","31,090","26,576","2,703",
ฮ่องกง,ประชุมของหน่วยงาน,"81,964","11,175","12,820","9,184","11,868","7,115","9,742","11,119","12,875","1,145",
ฮ่องกง,ประชุมเชิงธุรกิจ,"93,287",322,"1,178",988,763,462,"1,706","2,135","1,702",43,
ฮ่องกง,ประชุมของสมาคม,"44,796","1,310","1,632",672,"1,376",760,"2,177","3,341","2,866",85,
ฮ่องกง,งานแสดงสินค้า/นิทรรศการ,571,669,"1,116",654,951,375,"1,998","3,156","1,261",218,
ฮ่องกง,การศึกษา, - , - , - , - , - ,"1,263","2,475","4,726","3,143",251,
ฮ่องกง,การจ้างแรงงาน, - , - , - , - , - ,709,"1,217", - , - , - ,
ฮ่องกง,การขนส่ง, - , - , - , - , - ,"2,737","3,284","7,333", - , - ,
ฮ่องกง,การกีฬา, - , - , - , - , - , - , - ,"9,369","18,307","1,175",
ฮ่องกง,ทางการแพทย์, - , - , - , - , - , - , - ,"2,062","1,415",138,
ฮ่องกง,อื่น ๆ,"36,815","45,144","56,534","41,018","42,082","2,859","8,818","11,664","9,996",534,
ญี่ปุ่น,รวม,"1,103,073","1,341,063","1,515,718","1,254,858","1,349,388","1,416,903","1,525,707","1,642,712","1,787,185","314,044",
ญี่ปุ่น,ท่องเที่ยว,"483,317","1,016,462","1,193,193","918,696","1,010,828","1,122,220","1,212,125","1,349,111","1,433,770","266,426",
ญี่ปุ่น,ธุรกิจ, - , - , - , - , - ,"173,396","174,718","168,198","187,258","28,127",
ญี่ปุ่น,ประชุมของหน่วยงาน,"159,468","55,329","59,171","62,501","76,123","55,078","59,665","52,341","69,776","7,523",
ญี่ปุ่น,ประชุมเชิงธุรกิจ,"151,794","1,772","3,222","4,304","1,437",465,843,"1,780","1,968",180,
ญี่ปุ่น,ประชุมของสมาคม,"217,480","3,771","2,712","2,500","3,160","1,665","2,570","3,387","3,257",368,
ญี่ปุ่น,งานแสดงสินค้า/นิทรรศการ,"9,241","1,440","1,372","2,146","3,475","1,256","2,299","3,689","3,603",698,
ญี่ปุ่น,การศึกษา, - , - , - , - , - ,"6,192","7,746","9,046","9,432","1,442",
ญี่ปุ่น,การจ้างแรงงาน, - , - , - , - , - ,"13,832","15,214", - , - , - ,
ญี่ปุ่น,การขนส่ง, - , - , - , - , - ,"17,572","19,617","17,310", - , - ,
ญี่ปุ่น,การกีฬา, - , - , - , - , - , - , - ,"5,051","21,762","3,931",
ญี่ปุ่น,ทางการแพทย์, - , - , - , - , - , - , - ,"1,806","1,096",234,
ญี่ปุ่น,อื่น ๆ,"81,773","262,289","256,048","264,711","254,365","25,227","30,910","30,993","55,263","5,115",
เกาหลี,รวม,"1,001,105","1,153,457","1,292,335","1,109,429","1,359,211","1,449,617","1,698,608","1,785,147","1,880,465","262,313",
เกาหลี,ท่องเที่ยว,"501,818","1,014,453","1,163,731","984,229","1,230,410","1,349,184","1,574,929","1,642,063","1,708,141","238,900",
เกาหลี,ธุรกิจ, - , - , - , - , - ,"44,732","47,794","49,018","46,837","6,026",
เกาหลี,ประชุมของหน่วยงาน,"63,835","20,796","19,307","15,274","20,510","11,901","15,537","14,651","18,000","1,748",
เกาหลี,ประชุมเชิงธุรกิจ,"194,013","1,794","2,456","3,256","2,199",898,"2,400","3,986","5,305",193,
เกาหลี,ประชุมของสมาคม,"142,852","4,446","2,112","2,993","2,760","2,181","2,789","4,425","4,524",224,
เกาหลี,งานแสดงสินค้า/นิทรรศการ,"4,402","1,722","2,185","1,768","3,449","2,212","4,694","4,701","5,193",562,
เกาหลี,การศึกษา, - , - , - , - , - ,"6,246","8,042","8,690","10,920","1,735",
เกาหลี,การจ้างแรงงาน, - , - , - , - , - ,"2,438","3,027", - , - , - ,
เกาหลี,การขนส่ง, - , - , - , - , - ,"11,870","16,979","16,805", - , - ,
เกาหลี,การกีฬา, - , - , - , - , - , - , - ,"11,505","35,079","9,466",
เกาหลี,ทางการแพทย์, - , - , - , - , - , - , - ,"3,377","2,535",209,
เกาหลี,อื่น ๆ,"94,185","110,246","102,544","101,909","99,883","17,955","22,417","25,926","43,931","3,250",
ไต้หวัน,รวม,"449,346","393,335","503,894","388,425","545,560","513,528","560,441","674,172","781,674","114,275",
ไต้หวัน,ท่องเที่ยว,"238,399","323,538","430,079","320,331","471,478","467,604","506,752","610,488","706,643","105,482",
ไต้หวัน,ธุรกิจ, - , - , - , - , - ,"22,866","25,514","26,932","28,259","3,750",
ไต้หวัน,ประชุมของหน่วยงาน,"35,305","13,151","14,884","13,379","16,114","7,086","8,268","7,391","11,201","1,053",
ไต้หวัน,ประชุมเชิงธุรกิจ,"105,567",236,721,930,347,404,944,"1,236","1,367",101,
ไต้หวัน,ประชุมของสมาคม,"36,447","1,327",828,"1,102","1,541",506,802,"1,067","1,090",136,
ไต้หวัน,งานแสดงสินค้า/นิทรรศการ,986,"1,041","1,227","1,193","1,675",779,"1,299","1,607","1,935",196,
ไต้หวัน,การศึกษา, - , - , - , - , - ,"1,889","2,876","4,728","4,302",610,
ไต้หวัน,การจ้างแรงงาน, - , - , - , - , - ,"4,255","4,655", - , - , - ,
ไต้หวัน,การขนส่ง, - , - , - , - , - ,"2,902","2,845","4,693", - , - ,
ไต้หวัน,การกีฬา, - , - , - , - , - , - , - ,"3,489","12,126","1,661",
ไต้หวัน,ทางการแพทย์, - , - , - , - , - , - , - ,857,581,74,
ไต้หวัน,อื่น ๆ,"32,642","54,042","56,155","51,490","54,405","5,237","6,486","11,684","14,170","1,212",
ยุโรป,รวม,"4,933,434","5,454,494","6,155,582","6,028,171","5,476,781","6,008,398","6,322,166","6,603,695","6,531,220","2,051,738",
ยุโรป,ท่องเที่ยว,"2,164,695","5,031,950","5,710,456","5,598,125","5,088,892","5,681,700","5,919,458","6,038,232","5,988,360","1,973,281",
ยุโรป,ธุรกิจ, - , - , - , - , - ,"97,681","110,729","146,880","116,352","18,958",
ยุโรป,ประชุมของหน่วยงาน,"970,469","46,674","46,549","40,377","40,760","21,977","26,969","40,399","45,209","5,182",
ยุโรป,ประชุมเชิงธุรกิจ,"533,008","4,894","14,289","16,998","5,194","2,130","6,661","12,655","12,450","1,051",
ยุโรป,ประชุมของสมาคม,"686,206","9,605","7,900","7,936","8,789","3,680","7,778","18,471","20,674","1,105",
ยุโรป,งานแสดงสินค้า/นิทรรศการ,"23,302","5,596","5,625","5,786","14,996","2,558","13,174","17,746","21,193","3,787",
ยุโรป,การศึกษา, - , - , - , - , - ,"16,931","24,336","48,665","35,496","6,386",
ยุโรป,การจ้างแรงงาน, - , - , - , - , - ,"27,928","31,153", - , - , - ,
ยุโรป,การขนส่ง, - , - , - , - , - ,"86,353","98,351","83,064", - , - ,
ยุโรป,การกีฬา, - , - , - , - , - , - , - ,"35,068","82,180","17,678",
ยุโรป,ทางการแพทย์, - , - , - , - , - , - , - ,"15,012","14,971","2,803",
ยุโรป,อื่น ๆ,"555,754","355,775","370,763","358,949","318,150","67,460","83,557","147,503","194,335","21,507",
ยุโรป,รวม,"86,987","92,550","104,359","98,355","94,878","97,989","104,220","114,768","110,690","34,599",
ออสเตรีย,ท่องเที่ยว,"33,273","84,091","93,678","89,105","87,942","92,028","96,958","104,586","100,462","33,058",
ออสเตรีย,ธุรกิจ, - , - , - , - , - ,"2,162","2,261","3,209","2,612",452,
ออสเตรีย,ประชุมของหน่วยงาน,"16,080",807,"1,000",922,626,436,553,804,"1,019",118,
ออสเตรีย,ประชุมเชิงธุรกิจ,"8,381",79,276,390,48,12,57,209,141,20,
ออสเตรีย,ประชุมของสมาคม,"18,812",54,217,69,170,54,127,263,388,17,
ออสเตรีย,งานแสดงสินค้า/นิทรรศการ,623,122,101,41,300,18,236,219,215,48,
ออสเตรีย,การศึกษา, - , - , - , - , - ,375,391,664,452,112,
ออสเตรีย,การจ้างแรงงาน, - , - , - , - , - ,333,422, - , - , - ,
ออสเตรีย,การขนส่ง, - , - , - , - , - ,"1,776","2,265","2,007", - , - ,
ออสเตรีย,การกีฬา, - , - , - , - , - , - , - ,304,"1,633",483,
ออสเตรีย,ทางการแพทย์, - , - , - , - , - , - , - ,228,156,42,
ออสเตรีย,อื่น ๆ,"9,818","7,397","9,087","7,828","5,792",795,950,"2,275","3,612",249,
เบลเยียม,รวม,"82,699","94,134","101,147","99,784","107,695","112,140","112,635","116,346","114,016","25,872",
เบลเยียม,ท่องเที่ยว,"33,323","82,821","88,938","89,263","97,684","103,018","102,615","104,719","102,449","24,350",
เบลเยียม,ธุรกิจ, - , - , - , - , - ,"2,786","2,903","3,559","2,937",444,
เบลเยียม,ประชุมของหน่วยงาน,"11,721","1,239","1,212",894,"1,141",607,613,958,983,114,
เบลเยียม,ประชุมเชิงธุรกิจ,"6,291",151,228,244,177,260,234,140,140,30,
เบลเยียม,ประชุมของสมาคม,"21,871",187,223,227,227,87,218,244,465,15,
เบลเยียม,งานแสดงสินค้า/นิทรรศการ,282,72,62,134,252,42,302,348,177,58,
เบลเยียม,การศึกษา, - , - , - , - , - ,314,305,710,468,84,
เบลเยียม,การจ้างแรงงาน, - , - , - , - , - ,759,781, - , - , - ,
เบลเยียม,การขนส่ง, - , - , - , - , - ,"2,260","2,418","1,753", - , - ,
เบลเยียม,การกีฬา, - , - , - , - , - , - , - ,455,"1,410",218,
เบลเยียม,ทางการแพทย์, - , - , - , - , - , - , - ,156,142,35,
เบลเยียม,อื่น ๆ,"9,211","9,664","10,484","9,022","8,214","2,007","2,246","3,304","4,845",524,
เดนมาร์ก,รวม,"159,620","162,022","159,629","158,275","159,420","163,406","157,923","170,044","159,526","62,962",
เดนมาร์ก,ท่องเที่ยว,"62,921","147,519","145,121","144,933","149,060","154,793","148,156","157,928","146,418","61,018",
เดนมาร์ก,ธุรกิจ, - , - , - , - , - ,"3,357","3,513","3,765","3,566",584,
เดนมาร์ก,ประชุมของหน่วยงาน,"30,258","1,014","1,339",801,902,461,527,706,"1,093",129,
เดนมาร์ก,ประชุมเชิงธุรกิจ,"16,826",124,582,538,64,6,38,171,248,37,
เดนมาร์ก,ประชุมของสมาคม,"24,730",319,269,79,169,67,121,272,538,16,
เดนมาร์ก,งานแสดงสินค้า/นิทรรศการ,"2,057",175,196,144,359,37,196,253,368,143,
เดนมาร์ก,การศึกษา, - , - , - , - , - ,407,522,825,742,99,
เดนมาร์ก,การจ้างแรงงาน, - , - , - , - , - ,554,674, - , - , - ,
เดนมาร์ก,การขนส่ง, - , - , - , - , - ,"2,043","2,105","1,776", - , - ,
เดนมาร์ก,การกีฬา, - , - , - , - , - , - , - ,431,"1,670",415,
เดนมาร์ก,ทางการแพทย์, - , - , - , - , - , - , - ,197,255,70,
เดนมาร์ก,อื่น ๆ,"22,828","12,871","12,122","11,780","8,866","1,681","2,071","3,720","4,628",451,
ฟินแลนด์,รวม,"154,002","151,516","138,829","139,715","135,107","131,207","138,926","135,384","125,490","57,927",
ฟินแลนด์,ท่องเที่ยว,"59,481","143,695","129,909","131,399","128,157","126,136","133,173","127,648","117,448","56,468",
ฟินแลนด์,ธุรกิจ, - , - , - , - , - ,"1,663","1,781","2,240","2,279",451,
ฟินแลนด์,ประชุมของหน่วยงาน,"25,703",889,689,745,651,336,364,639,802,101,
ฟินแลนด์,ประชุมเชิงธุรกิจ,"17,526",127,385,582,111,5,56,140,27,13,
ฟินแลนด์,ประชุมของสมาคม,"28,679",119,143,132,172,34,73,321,381,12,
ฟินแลนด์,งานแสดงสินค้า/นิทรรศการ,"2,223",175,47,132,329,14,155,118,138,67,
ฟินแลนด์,การศึกษา, - , - , - , - , - ,473,483,827,465,93,
ฟินแลนด์,การจ้างแรงงาน, - , - , - , - , - ,357,454, - , - , - ,
ฟินแลนด์,การขนส่ง, - , - , - , - , - ,"1,397","1,387","1,136", - , - ,
ฟินแลนด์,การกีฬา, - , - , - , - , - , - , - ,264,"1,201",395,
ฟินแลนด์,ทางการแพทย์, - , - , - , - , - , - , - ,207,150,38,
ฟินแลนด์,อื่น ๆ,"20,390","6,511","7,656","6,725","5,687",792,"1,000","1,844","2,599",289,
ฝรั่งเศส,รวม,"484,602","538,327","580,062","607,087","648,382","697,738","693,426","724,350","713,405","231,614",
ฝรั่งเศส,ท่องเที่ยว,"211,163","481,632","526,219","552,634","597,896","653,776","639,175","649,345","647,493","221,914",
ฝรั่งเศส,ธุรกิจ, - , - , - , - , - ,"12,337","13,501","20,881","14,461","2,542",
ฝรั่งเศส,ประชุมของหน่วยงาน,"82,502","6,597","6,071","5,108","4,940","2,255","2,745","5,153","4,431",571,
ฝรั่งเศส,ประชุมเชิงธุรกิจ,"56,085",613,"1,151","1,453",915,389,539,"1,440","1,562",78,
ฝรั่งเศส,ประชุมของสมาคม,"71,333","1,684","1,072","1,298","1,345",573,794,"1,901","2,253",124,
ฝรั่งเศส,งานแสดงสินค้า/นิทรรศการ,"1,978",568,705,710,"1,704",276,"3,098","1,994","3,217",345,
ฝรั่งเศส,การศึกษา, - , - , - , - , - ,"2,469","3,549","6,450","4,430","1,213",
ฝรั่งเศส,การจ้างแรงงาน, - , - , - , - , - ,"5,055","5,592", - , - , - ,
ฝรั่งเศส,การขนส่ง, - , - , - , - , - ,"11,352","13,045","11,517", - , - ,
ฝรั่งเศส,การกีฬา, - , - , - , - , - , - , - ,"3,337","10,934","2,042",
ฝรั่งเศส,ทางการแพทย์, - , - , - , - , - , - , - ,"1,182",926,248,
ฝรั่งเศส,อื่น ๆ,"61,541","47,233","44,844","45,884","41,582","9,256","11,388","21,150","23,698","2,537",
เยอรมนี,รวม,"603,979","663,611","723,711","698,129","746,135","825,496","837,318","872,185","836,926","231,260",
เยอรมนี,ท่องเที่ยว,"270,154","603,572","666,454","640,332","689,968","776,014","778,496","796,899","769,698","221,762",
เยอรมนี,ธุรกิจ, - , - , - , - , - ,"19,513","20,670","25,008","19,627","3,398",
เยอรมนี,ประชุมของหน่วยงาน,"105,345","7,496","6,935","5,908","7,019","3,835","4,656","6,562","6,864",750,
เยอรมนี,ประชุมเชิงธุรกิจ,"71,119",422,"1,504","2,098",554,144,700,"1,144","1,301",87,
เยอรมนี,ประชุมของสมาคม,"87,827","1,039",661,726,884,397,665,"1,986","1,797",94,
เยอรมนี,งานแสดงสินค้า/นิทรรศการ,"1,972",695,280,704,"1,551",221,"2,027","2,902","2,322",401,
เยอรมนี,การศึกษา, - , - , - , - , - ,"3,752","3,907","5,227","4,359",849,
เยอรมนี,การจ้างแรงงาน, - , - , - , - , - ,"2,762","3,168", - , - , - ,
เยอรมนี,การขนส่ง, - , - , - , - , - ,"11,268","13,125","10,484", - , - ,
เยอรมนี,การกีฬา, - , - , - , - , - , - , - ,"3,783","8,954","1,564",
เยอรมนี,ทางการแพทย์, - , - , - , - , - , - , - ,"1,505","1,453",357,
เยอรมนี,อื่น ๆ,"67,562","50,387","47,877","48,361","46,159","7,590","9,904","16,685","20,551","1,998",
ไอร์แลนด์,รวม, - , - , - , - , - ,"59,557","59,500","58,677","54,344","9,714",
ไอร์แลนด์,ท่องเที่ยว, - , - , - , - , - ,"56,336","55,572","53,428","49,198","9,309",
ไอร์แลนด์,ธุรกิจ, - , - , - , - , - ,635,789,"1,197",804,68,
ไอร์แลนด์,ประชุมของหน่วยงาน, - , - , - , - , - ,125,192,248,433,25,
ไอร์แลนด์,ประชุมเชิงธุรกิจ, - , - , - , - , - ,10,44,154,124,6,
ไอร์แลนด์,ประชุมของสมาคม, - , - , - , - , - ,38,59,154,363,9,
ไอร์แลนด์,งานแสดงสินค้า/นิทรรศการ, - , - , - , - , - ,13,104,151,108,13,
ไอร์แลนด์,การศึกษา, - , - , - , - , - ,106,152,292,297,29,
ไอร์แลนด์,การจ้างแรงงาน, - , - , - , - , - ,534,530, - , - , - ,
ไอร์แลนด์,การขนส่ง, - , - , - , - , - ,"1,059","1,190",884, - , - ,
ไอร์แลนด์,การกีฬา, - , - , - , - , - , - , - ,335,703,91,
ไอร์แลนด์,ทางการแพทย์, - , - , - , - , - , - , - ,78,115,19,
ไอร์แลนด์,อื่น ๆ, - , - , - , - , - ,701,868,"1,756","2,199",145,
อิตาลี,รวม,"174,902","187,552","197,232","211,833","231,429","248,903","244,982","263,515","250,870","58,327",
อิตาลี,ท่องเที่ยว,"71,024","163,066","174,622","187,276","204,601","229,055","221,889","233,813","223,135","55,329",
อิตาลี,ธุรกิจ, - , - , - , - , - ,"7,502","7,976","11,318","8,563","1,168",
อิตาลี,ประชุมของหน่วยงาน,"29,593","2,835","2,408","3,186","3,020","1,303","1,760","2,268","2,446",212,
อิตาลี,ประชุมเชิงธุรกิจ,"16,673",268,359,389,481,52,172,342,414,26,
อิตาลี,ประชุมของสมาคม,"38,417",894,564,545,804,243,501,872,"1,216",44,
อิตาลี,งานแสดงสินค้า/นิทรรศการ,587,225,419,289,"1,199",215,947,791,710,123,
อิตาลี,การศึกษา, - , - , - , - , - ,658,727,"2,072","1,412",207,
อิตาลี,การจ้างแรงงาน, - , - , - , - , - ,"1,000","1,114", - , - , - ,
อิตาลี,การขนส่ง, - , - , - , - , - ,"6,014","6,346","4,274", - , - ,
อิตาลี,การกีฬา, - , - , - , - , - , - , - ,781,"2,928",417,
อิตาลี,ทางการแพทย์, - , - , - , - , - , - , - ,411,351,65,
อิตาลี,อื่น ๆ,"18,608","20,264","18,860","20,148","21,324","2,861","3,550","6,573","9,695",736,
เนเธอร์แลนด์,รวม,"189,727","197,721","209,659","204,237","214,945","228,443","215,433","226,618","230,006","50,441",
เนเธอร์แลนด์,ท่องเที่ยว,"83,270","177,844","187,785","184,844","196,661","211,407","197,054","206,071","207,293","47,273",
เนเธอร์แลนด์,ธุรกิจ, - , - , - , - , - ,"5,564","5,855","6,500","6,167",919,
เนเธอร์แลนด์,ประชุมของหน่วยงาน,"38,847","2,183","2,090","1,622","1,847","1,022","1,232","1,524","1,993",280,
เนเธอร์แลนด์,ประชุมเชิงธุรกิจ,"19,012",81,355,650,125,44,94,167,226,11,
เนเธอร์แลนด์,ประชุมของสมาคม,"26,410",222,302,290,224,169,297,427,624,39,
เนเธอร์แลนด์,งานแสดงสินค้า/นิทรรศการ,685,220,289,223,573,40,339,392,454,75,
เนเธอร์แลนด์,การศึกษา, - , - , - , - , - ,989,"1,238","1,646","1,137",278,
เนเธอร์แลนด์,การจ้างแรงงาน, - , - , - , - , - ,"1,059","1,202", - , - , - ,
เนเธอร์แลนด์,การขนส่ง, - , - , - , - , - ,"4,074","3,632","2,853", - , - ,
เนเธอร์แลนด์,การกีฬา, - , - , - , - , - , - , - ,905,"2,478",429,
เนเธอร์แลนด์,ทางการแพทย์, - , - , - , - , - , - , - ,355,373,89,
เนเธอร์แลนด์,อื่น ๆ,"21,503","17,171","18,838","16,608","15,515","4,075","4,490","5,778","9,261","1,048",
นอร์เวย์,รวม,"137,066","148,689","154,398","146,424","138,024","134,335","130,200","133,020","130,509","39,082",
นอร์เวย์,ท่องเที่ยว,"59,884","136,563","140,615","134,086","127,940","125,742","122,021","124,212","119,652","37,497",
นอร์เวย์,ธุรกิจ, - , - , - , - , - ,"2,642","2,240","2,574","2,084",383,
นอร์เวย์,ประชุมของหน่วยงาน,"22,652","1,532","1,275","1,185","1,037",722,613,646,"1,226",157,
นอร์เวย์,ประชุมเชิงธุรกิจ,"13,240",106,261,380,25,19,22,145,226,5,
นอร์เวย์,ประชุมของสมาคม,"23,358",109,182,320,176,60,84,199,270,17,
นอร์เวย์,งานแสดงสินค้า/นิทรรศการ,"1,496",94,211,137,454,52,65,167,394,103,
นอร์เวย์,การศึกษา, - , - , - , - , - ,352,413,627,433,81,
นอร์เวย์,การจ้างแรงงาน, - , - , - , - , - ,222,273, - , - , - ,
นอร์เวย์,การขนส่ง, - , - , - , - , - ,"2,626","2,326","1,555", - , - ,
นอร์เวย์,การกีฬา, - , - , - , - , - , - , - ,507,"1,307",314,
นอร์เวย์,ทางการแพทย์, - , - , - , - , - , - , - ,138,268,61,
นอร์เวย์,อื่น ๆ,"16,436","10,285","11,854","10,316","8,392","1,898","2,143","2,250","4,649",464,
รัสเซีย,รวม,"1,052,361","1,311,358","1,745,779","1,596,542","877,120","1,085,890","1,340,376","1,466,457","1,481,837","586,381",
รัสเซีย,ท่องเที่ยว,"465,023","1,268,422","1,696,717","1,543,814","842,094","1,064,297","1,298,169","1,377,907","1,391,194","569,197",
รัสเซีย,ธุรกิจ, - , - , - , - , - ,"3,372","7,555","11,792","10,488","2,041",
รัสเซีย,ประชุมของหน่วยงาน,"276,800","3,879","4,302","2,989","2,904","1,528","2,387","4,316","5,665",751,
รัสเซีย,ประชุมเชิงธุรกิจ,"95,461","1,260","4,455","4,703",767,167,"2,754","4,300","4,089",384,
รัสเซีย,ประชุมของสมาคม,"114,164",717,804,"1,164",497,129,726,"3,565","3,510",298,
รัสเซีย,งานแสดงสินค้า/นิทรรศการ,"1,686","1,260",865,"1,302","2,282",449,"1,946","2,965","3,870",999,
รัสเซีย,การศึกษา, - , - , - , - , - ,"1,901","4,653","14,490","10,180","1,490",
รัสเซีย,การจ้างแรงงาน, - , - , - , - , - ,"1,538","2,007", - , - , - ,
รัสเซีย,การขนส่ง, - , - , - , - , - ,"7,090","12,055","11,389", - , - ,
รัสเซีย,การกีฬา, - , - , - , - , - , - , - ,"9,091","16,570","5,497",
รัสเซีย,ทางการแพทย์, - , - , - , - , - , - , - ,"4,851","5,726",758,
รัสเซีย,อื่น ๆ,"99,227","35,820","38,636","42,570","28,576","5,419","8,124","21,791","30,545","4,966",
สเปน,รวม,"97,149","113,878","123,985","116,414","147,380","168,264","178,954","176,597","186,969","26,499",
สเปน,ท่องเที่ยว,"55,751","103,103","112,987","105,520","136,411","158,782","167,724","163,195","171,957","25,118",
สเปน,ธุรกิจ, - , - , - , - , - ,"2,798","3,184","3,761","3,488",466,
สเปน,ประชุมของหน่วยงาน,"11,346",963,"1,170",958,"1,057",540,677,934,"1,104",79,
สเปน,ประชุมเชิงธุรกิจ,"10,909",244,194,321,120,134,342,266,421,36,
สเปน,ประชุมของสมาคม,"11,322",421,376,123,283,223,252,453,742,9,
สเปน,งานแสดงสินค้า/นิทรรศการ,388,103,248,136,572,108,277,496,685,64,
สเปน,การศึกษา, - , - , - , - , - ,373,383,"1,220",823,148,
สเปน,การจ้างแรงงาน, - , - , - , - , - ,819,862, - , - , - ,
สเปน,การขนส่ง, - , - , - , - , - ,"3,272","3,802","2,356", - , - ,
สเปน,การกีฬา, - , - , - , - , - , - , - ,572,"2,067",216,
สเปน,ทางการแพทย์, - , - , - , - , - , - , - ,178,165,46,
สเปน,อื่น ๆ,"7,433","9,044","9,010","9,356","8,937","1,215","1,451","3,166","5,517",317,
สวีเดน,รวม,"369,144","356,791","338,304","320,617","317,792","329,070","317,797","304,206","279,451","108,921",
สวีเดน,ท่องเที่ยว,"130,694","331,914","315,038","300,111","300,612","315,816","302,148","284,489","255,862","105,816",
สวีเดน,ธุรกิจ, - , - , - , - , - ,"4,074","4,591","4,756","4,721",695,
สวีเดน,ประชุมของหน่วยงาน,"60,514","2,796","2,002","1,890","1,662",878,"1,247","1,567","2,366",221,
สวีเดน,ประชุมเชิงธุรกิจ,"50,126",92,976,847,129,22,71,334,382,43,
สวีเดน,ประชุมของสมาคม,"74,859",333,216,339,299,95,252,901,960,26,
สวีเดน,งานแสดงสินค้า/นิทรรศการ,"3,288",295,336,106,586,61,209,819,"2,243",248,
สวีเดน,การศึกษา, - , - , - , - , - ,499,887,"1,565","1,323",129,
สวีเดน,การจ้างแรงงาน, - , - , - , - , - ,958,919, - , - , - ,
สวีเดน,การขนส่ง, - , - , - , - , - ,"3,351","3,219","3,315", - , - ,
สวีเดน,การกีฬา, - , - , - , - , - , - , - ,671,"2,898",843,
สวีเดน,ทางการแพทย์, - , - , - , - , - , - , - ,444,606,94,
สวีเดน,อื่น ๆ,"49,663","21,361","19,736","17,324","14,504","3,316","4,254","5,345","8,090",806,
สวิตเซอร์แลนด์,รวม,"180,720","202,758","210,056","210,818","219,967","226,412","227,152","225,985","206,087","54,006",
สวิตเซอร์แลนด์,ท่องเที่ยว,"80,091","184,838","191,039","193,950","204,238","212,310","209,999","205,958","187,270","51,280",
สวิตเซอร์แลนด์,ธุรกิจ, - , - , - , - , - ,"4,330","4,853","5,775","4,205",644,
สวิตเซอร์แลนด์,ประชุมของหน่วยงาน,"35,096","2,014","2,228","1,688","1,815","1,290","1,339","1,827","2,070",241,
สวิตเซอร์แลนด์,ประชุมเชิงธุรกิจ,"21,270",102,430,529,193,15,102,423,484,13,
สวิตเซอร์แลนด์,ประชุมของสมาคม,"26,482",400,255,272,246,122,272,603,578,31,
สวิตเซอร์แลนด์,งานแสดงสินค้า/นิทรรศการ,504,171,159,301,491,41,506,735,334,108,
สวิตเซอร์แลนด์,การศึกษา, - , - , - , - , - ,427,738,"1,168",748,116,
สวิตเซอร์แลนด์,การจ้างแรงงาน, - , - , - , - , - ,736,762, - , - , - ,
สวิตเซอร์แลนด์,การขนส่ง, - , - , - , - , - ,"3,822","4,381","3,140", - , - ,
สวิตเซอร์แลนด์,การกีฬา, - , - , - , - , - , - , - ,981,"2,635",580,
สวิตเซอร์แลนด์,ทางการแพทย์, - , - , - , - , - , - , - ,434,400,111,
สวิตเซอร์แลนด์,อื่น ๆ,"17,277","15,233","15,945","14,078","12,984","3,319","4,200","4,941","7,363",882,
สหราชอาณาจักร,รวม,"771,466","800,072","847,678","871,226","896,591","961,471","945,061","954,404","946,774","215,861",
สหราชอาณาจักร,ท่องเที่ยว,"365,983","727,868","766,905","797,486","825,724","897,921","870,823","855,058","857,402","204,849",
สหราชอาณาจักร,ธุรกิจ, - , - , - , - , - ,"15,566","18,776","25,132","17,651","2,666",
สหราชอาณาจักร,ประชุมของหน่วยงาน,"142,136","7,849","8,168","7,372","7,531","4,101","4,701","6,666","6,931",824,
สหราชอาณาจักร,ประชุมเชิงธุรกิจ,"79,670",798,"1,551","2,194",644,209,763,"1,647","1,566",135,
สหราชอาณาจักร,ประชุมของสมาคม,"81,664","1,851","1,465","1,393","1,905",773,"2,246","3,431","3,774",198,
สหราชอาณาจักร,งานแสดงสินค้า/นิทรรศการ,"3,137",854,754,594,"2,338",475,"1,199","3,350","3,605",421,
สหราชอาณาจักร,การศึกษา, - , - , - , - , - ,"2,122","3,411","6,591","4,328",767,
สหราชอาณาจักร,การจ้างแรงงาน, - , - , - , - , - ,"9,045","9,643", - , - , - ,
สหราชอาณาจักร,การขนส่ง, - , - , - , - , - ,"15,279","14,794","13,696", - , - ,
สหราชอาณาจักร,การกีฬา, - , - , - , - , - , - , - ,"5,855","13,984","1,710",
สหราชอาณาจักร,ทางการแพทย์, - , - , - , - , - , - , - ,"2,411","1,898",353,
สหราชอาณาจักร,อื่น ๆ,"98,876","60,852","68,835","62,187","58,449","15,980","18,705","30,567","35,635","3,938",
กลุ่มยุโรปตะวันออก,รวม,"229,169","266,699","332,455","355,669","346,352","379,153","445,521","487,669","532,911","211,106",
กลุ่มยุโรปตะวันออก,ท่องเที่ยว,"101,508","245,520","306,962","329,536","322,861","357,319","415,725","439,949","487,369","204,238",
กลุ่มยุโรปตะวันออก,ธุรกิจ, - , - , - , - , - ,"5,009","5,832","9,192","7,529","1,196",
กลุ่มยุโรปตะวันออก,ประชุมของหน่วยงาน,"60,694","2,523","3,037","3,034","2,449","1,546","2,228","4,011","3,914",427,
กลุ่มยุโรปตะวันออก,ประชุมเชิงธุรกิจ,"28,718",342,911,"1,057",421,262,532,"1,061",796,101,
กลุ่มยุโรปตะวันออก,ประชุมของสมาคม,"16,467",626,553,479,563,303,780,"2,242","2,030",126,
กลุ่มยุโรปตะวันออก,งานแสดงสินค้า/นิทรรศการ,757,271,548,529,"1,258",316,"1,045","1,496","1,779",467,
กลุ่มยุโรปตะวันออก,การศึกษา, - , - , - , - , - ,"1,137","2,031","3,255","3,024",500,
กลุ่มยุโรปตะวันออก,การจ้างแรงงาน, - , - , - , - , - ,"1,482","1,934", - , - , - ,
กลุ่มยุโรปตะวันออก,การขนส่ง, - , - , - , - , - ,"7,108","9,344","8,011", - , - ,
กลุ่มยุโรปตะวันออก,การกีฬา, - , - , - , - , - , - , - ,"4,994","8,532","2,130",
กลุ่มยุโรปตะวันออก,ทางการแพทย์, - , - , - , - , - , - , - ,"1,756","1,564",313,
กลุ่มยุโรปตะวันออก,อื่น ๆ,"21,025","17,417","20,444","21,034","18,800","4,671","6,070","11,702","16,374","1,608",
อเมริกา,รวม,"885,598","1,006,911","1,103,963","1,048,911","1,168,832","1,341,473","1,448,894","1,534,008","1,559,800","311,250",
อเมริกา,ท่องเที่ยว,"459,454","809,162","908,362","880,736","997,471","1,184,453","1,265,542","1,296,496","1,306,364","274,777",
อเมริกา,ธุรกิจ, - , - , - , - , - ,"37,085","46,732","59,726","45,112","6,334",
อเมริกา,ประชุมของหน่วยงาน,"113,656","20,991","19,853","15,767","17,741","9,780","10,907","15,640","17,216","1,985",
อเมริกา,ประชุมเชิงธุรกิจ,"108,186",786,"2,292","2,700","1,462","1,061","3,143","4,279","4,214",300,
อเมริกา,ประชุมของสมาคม,"67,589","7,560","4,228","3,362","5,542","3,645","4,640","7,487","7,834","1,114",
อเมริกา,งานแสดงสินค้า/นิทรรศการ,"2,617","1,540","1,920","1,988","4,644","2,164","4,716","7,976","9,388","2,755",
อเมริกา,การศึกษา, - , - , - , - , - ,"9,650","11,781","15,208","15,997","3,811",
อเมริกา,การจ้างแรงงาน, - , - , - , - , - ,"11,618","11,817", - , - , - ,
อเมริกา,การขนส่ง, - , - , - , - , - ,"28,197","28,996","25,253", - , - ,
อเมริกา,การกีฬา, - , - , - , - , - , - , - ,"19,298","26,357","2,837",
อเมริกา,ทางการแพทย์, - , - , - , - , - , - , - ,"4,373","6,025","1,274",
อเมริกา,อื่น ๆ,"134,096","166,872","167,308","144,358","141,972","53,820","60,620","78,272","121,293","16,063",
อาร์เจนตินา,รวม,"12,005","16,895","20,082","20,408","28,050","46,390","62,738","43,485","28,183","12,461",
อาร์เจนตินา,ท่องเที่ยว,"6,853","15,689","18,868","19,226","26,207","40,679","58,247","35,563","20,278","9,665",
อาร์เจนตินา,ธุรกิจ, - , - , - , - , - ,412,303,865,474,165,
อาร์เจนตินา,ประชุมของหน่วยงาน,862,164,239,184,189,185,140,163,176,17,
อาร์เจนตินา,ประชุมเชิงธุรกิจ,"1,488", - ,43,47,13,118,93,198,169,32,
อาร์เจนตินา,ประชุมของสมาคม,"1,552",141,52,43,177,415,270,579,520,244,
อาร์เจนตินา,งานแสดงสินค้า/นิทรรศการ,75, - ,32,9,147,583,485,"1,405","1,390",636,
อาร์เจนตินา,การศึกษา, - , - , - , - , - ,419,426,663,677,358,
อาร์เจนตินา,การจ้างแรงงาน, - , - , - , - , - ,331,344, - , - , - ,
อาร์เจนตินา,การขนส่ง, - , - , - , - , - ,"1,283","1,056",853, - , - ,
อาร์เจนตินา,การกีฬา, - , - , - , - , - , - , - ,211,359,51,
อาร์เจนตินา,ทางการแพทย์, - , - , - , - , - , - , - ,64,163,68,
อาร์เจนตินา,อื่น ๆ,"1,175",901,848,899,"1,317","1,965","1,374","2,921","3,977","1,225",
บราซิล,รวม,"21,231","26,997","34,176","43,694","44,414","63,139","71,349","57,105","58,970","18,200",
บราซิล,ท่องเที่ยว,"13,205","23,063","30,017","39,771","39,000","54,468","62,314","43,881","40,651","13,191",
บราซิล,ธุรกิจ, - , - , - , - , - ,899,963,"1,747","1,718",383,
บราซิล,ประชุมของหน่วยงาน,"2,082",598,608,599,436,362,364,501,605,73,
บราซิล,ประชุมเชิงธุรกิจ,"2,168",61,68,95,101,201,140,300,371,63,
บราซิล,ประชุมของสมาคม,883,601,148,63,369,488,415,824,"1,263",401,
บราซิล,งานแสดงสินค้า/นิทรรศการ,132,31,95,93,447,749,952,"1,977","2,771","1,010",
บราซิล,การศึกษา, - , - , - , - , - ,717,814,895,"1,606",646,
บราซิล,การจ้างแรงงาน, - , - , - , - , - ,517,955, - , - , - ,
บราซิล,การขนส่ง, - , - , - , - , - ,"1,650","1,815","1,330", - , - ,
บราซิล,การกีฬา, - , - , - , - , - , - , - ,418,688,120,
บราซิล,ทางการแพทย์, - , - , - , - , - , - , - ,155,309,109,
บราซิล,อื่น ๆ,"2,761","2,643","3,240","3,073","4,061","3,088","2,617","5,077","8,988","2,204",
แคนาดา,รวม,"170,981","192,602","209,059","195,429","210,097","222,358","227,069","252,763","252,574","55,984",
แคนาดา,ท่องเที่ยว,"83,621","169,848","185,575","174,447","190,947","207,740","208,291","226,416","227,273","53,127",
แคนาดา,ธุรกิจ, - , - , - , - , - ,"3,289","4,133","6,060","4,147",582,
แคนาดา,ประชุมของหน่วยงาน,"23,179","2,530","2,301","1,996","2,213","1,004","1,131","1,924","1,944",191,
แคนาดา,ประชุมเชิงธุรกิจ,"21,990",120,467,581,100,32,211,300,383,33,
แคนาดา,ประชุมของสมาคม,"15,739",713,471,411,641,290,617,883,"1,051",53,
แคนาดา,งานแสดงสินค้า/นิทรรศการ,609,234,298,434,799,75,482,654,523,176,
แคนาดา,การศึกษา, - , - , - , - , - ,628,958,"1,531","1,104",240,
แคนาดา,การจ้างแรงงาน, - , - , - , - , - ,"1,802","1,842", - , - , - ,
แคนาดา,การขนส่ง, - , - , - , - , - ,"4,133","4,870","4,038", - , - ,
แคนาดา,การกีฬา, - , - , - , - , - , - , - ,"3,165","5,238",504,
แคนาดา,ทางการแพทย์, - , - , - , - , - , - , - ,563,723,139,
แคนาดา,อื่น ๆ,"25,843","19,157","19,947","17,560","15,397","3,365","4,534","7,229","10,188",939,
สหรัฐอเมริกา,รวม,"644,727","726,490","788,819","734,514","827,110","938,862","1,006,939","1,096,177","1,136,210","208,608",
สหรัฐอเมริกา,ท่องเที่ยว,"335,069","563,298","629,203","599,042","689,162","817,823","863,125","920,629","948,349","184,520",
สหรัฐอเมริกา,ธุรกิจ, - , - , - , - , - ,"31,469","40,275","48,786","37,342","5,025",
สหรัฐอเมริกา,ประชุมของหน่วยงาน,"84,168","16,803","15,648","12,009","13,983","7,670","8,761","12,211","13,709","1,617",
สหรัฐอเมริกา,ประชุมเชิงธุรกิจ,"78,594",558,"1,594","1,784","1,033",647,"2,546","3,220","3,088",160,
สหรัฐอเมริกา,ประชุมของสมาคม,"46,396","5,209","2,914","2,453","3,704","1,904","3,040","4,189","4,183",355,
สหรัฐอเมริกา,งานแสดงสินค้า/นิทรรศการ,"1,731","1,210","1,358","1,364","2,905",569,"2,617","3,072","3,356",667,
สหรัฐอเมริกา,การศึกษา, - , - , - , - , - ,"7,410","9,037","11,043","11,443","2,373",
สหรัฐอเมริกา,การจ้างแรงงาน, - , - , - , - , - ,"8,630","8,303", - , - , - ,
สหรัฐอเมริกา,การขนส่ง, - , - , - , - , - ,"19,244","19,457","17,175", - , - ,
สหรัฐอเมริกา,การกีฬา, - , - , - , - , - , - , - ,"14,626","18,661","2,033",
สหรัฐอเมริกา,ทางการแพทย์, - , - , - , - , - , - , - ,"3,337","4,622",930,
สหรัฐอเมริกา,อื่น ๆ,"98,769","139,412","138,102","117,862","116,323","43,496","49,778","57,889","91,457","10,928",
,,,,,,,,,,,,
,,,,,,,,,,,,
,,,,,,,,,,,,
,,,,,,,,,,,,
,,,,,,,,,,,,
,,,,,,,,,,,,
,,,,,,,,,,,,
,,,,,,,,,,,,
,,,,,,,,,,,,
,,,,,,,,,,,,
,,,,,,,,,,,,
,,,,,,,,,,,,
,,,,,,,,,,,,
,,,,,,,,,,,,
,,,,,,,,,,,,
,,,,,,,,,,,,
,,,,,,,,,,,,
,,,,,,,,,,,,
,,,,,,,,,,,,
,,,,,,,,,,,,
,,,,,,,,,,,,
,,,,,,,,,,,,
,,,,,,,,,,,,
,,,,,,,,,,,,
,,,,,,,,,,,,
,,,,,,,,,,,,
,,,,,,,,,,,,
,,,,,,,,,,,,
,,,,,,,,,,,,
,,,,,,,,,,,,
,,,,,,,,,,,,
,,,,,,,,,,,,
,,,,,,,,,,,,
,,,,,,,,,,,,
,,,,,,,,,,,,
,,,,,,,,,,,,
,,,,,,,,,,,,
,,,,,,,,,,,,
,,,,,,,,,,,,
534,เอเชียใต้,รวม,"1,137,521","1,260,263","1,326,518","1,213,785","1,374,292","1,405,634","1,639,528","1,935,883","2,356,977","326,888"
535,เอเชียใต้,ท่องเที่ยว,"478,613","1,039,171","1,106,608","993,917","1,148,022","1,200,573","1,412,200","1,620,140","2,021,776","294,953"
536,เอเชียใต้,ธุรกิจ, - , - , - , - , - ,"57,577","57,328","101,981","70,312","7,333"
537,เอเชียใต้,ประชุมของหน่วยงาน,"58,789","44,813","42,714","38,485","44,909","34,788","38,493","38,304","53,153","4,304"
538,เอเชียใต้,ประชุมเชิงธุรกิจ,"325,937","3,917","5,066","6,843","6,465","6,257","7,268","6,376","10,152","1,823"
539,เอเชียใต้,ประชุมของสมาคม,"151,884","17,399","7,626","8,196","11,626","9,153","9,054","9,292","14,155","1,658"
540,เอเชียใต้,งานแสดงสินค้า/นิทรรศการ,"6,153","2,643","3,565","3,315","5,425","2,018","4,216","7,007","11,273","1,795"
541,เอเชียใต้,การศึกษา, - , - , - , - , - ,"9,964","12,444","17,989","19,300","2,271"
542,เอเชียใต้,การจ้างแรงงาน, - , - , - , - , - ,"17,190","22,363", - , - , - 
543,เอเชียใต้,การขนส่ง, - , - , - , - , - ,"22,612","24,000","29,209", - , - 
544,เอเชียใต้,การกีฬา, - , - , - , - , - , - , - ,"21,029","44,388","4,182"
545,เอเชียใต้,ทางการแพทย์, - , - , - , - , - , - , - ,"5,568","11,003","1,704"
546,เอเชียใต้,อื่น ๆ,"116,145","152,320","160,939","163,029","157,845","45,502","52,162","78,988","101,465","6,865"
547,    บังกลาเทศ,รวม,"68,024","75,354","84,902","90,440","109,033","103,616","125,580","125,809","139,622","22,913"
548,    บังกลาเทศ,ท่องเที่ยว,"27,029","59,936","69,986","72,632","90,848","87,335","108,516","105,908","117,636","20,298"
549,    บังกลาเทศ,ธุรกิจ, - , - , - , - , - ,"3,623","3,357","5,325","3,131",524
550,    บังกลาเทศ,ประชุมของหน่วยงาน,"1,886","1,964","2,159","2,176","2,737","1,979","1,934","1,599","2,071",220
551,    บังกลาเทศ,ประชุมเชิงธุรกิจ,"23,606",257,367,393,442,465,449,379,963,185
552,    บังกลาเทศ,ประชุมของสมาคม,"7,174",405,230,320,390,276,261,286,444,27
553,    บังกลาเทศ,งานแสดงสินค้า/นิทรรศการ,157,76,212,238,276,113,174,219,157,100
554,    บังกลาเทศ,การศึกษา, - , - , - , - , - ,969,"1,120","1,461","1,816",196
555,    บังกลาเทศ,การจ้างแรงงาน, - , - , - , - , - ,662,677, - , - , - 
556,    บังกลาเทศ,การขนส่ง, - , - , - , - , - ,"2,074","2,119","1,918", - , - 
557,    บังกลาเทศ,การกีฬา, - , - , - , - , - , - , - ,"1,404","3,032",131
558,    บังกลาเทศ,ทางการแพทย์, - , - , - , - , - , - , - ,"1,653","3,789",642
559,    บังกลาเทศ,อื่น ๆ,"8,172","12,716","11,948","14,681","14,340","6,120","6,973","5,657","6,583",590
560,    อินเดีย,รวม,"891,748","985,883","1,028,414","906,428","1,039,395","1,076,970","1,281,681","1,562,878","1,961,069","265,223"
561,    อินเดีย,ท่องเที่ยว,"379,683","837,899","880,837","764,576","886,043","942,171","1,125,414","1,324,049","1,700,708","241,543"
562,    อินเดีย,ธุรกิจ, - , - , - , - , - ,"42,894","43,912","81,188","57,595","5,559"
563,    อินเดีย,ประชุมของหน่วยงาน,"40,051","31,859","30,511","25,978","31,581","23,067","26,961","29,223","41,030","3,366"
564,    อินเดีย,ประชุมเชิงธุรกิจ,"243,839","2,987","4,159","5,305","5,042","4,484","5,886","5,253","8,292","1,498"
565,    อินเดีย,ประชุมของสมาคม,"130,779","14,544","5,828","5,852","9,123","6,558","6,846","7,925","12,193","1,492"
566,    อินเดีย,งานแสดงสินค้า/นิทรรศการ,"5,209","1,987","2,253","2,132","3,739","1,440","3,022","6,227","10,136","1,461"
567,    อินเดีย,การศึกษา, - , - , - , - , - ,"3,525","5,028","10,968","11,487","1,060"
568,    อินเดีย,การจ้างแรงงาน, - , - , - , - , - ,"14,440","19,366", - , - , - 
569,    อินเดีย,การขนส่ง, - , - , - , - , - ,"10,943","12,590","20,718", - , - 
570,    อินเดีย,การกีฬา, - , - , - , - , - , - , - ,"16,355","35,840","3,565"
571,    อินเดีย,ทางการแพทย์, - , - , - , - , - , - , - ,"2,772","5,044",636
572,    อินเดีย,อื่น ๆ,"92,187","96,607","104,826","102,585","103,867","27,448","32,656","58,200","78,744","5,043"
573,    เนปาล,รวม,"26,237","26,326","25,802","26,160","33,325","43,170","43,782","55,482","60,428","10,396"
574,    เนปาล,ท่องเที่ยว,"9,987","14,933","16,173","16,582","22,461","29,945","31,628","42,586","46,938","8,817"
575,    เนปาล,ธุรกิจ, - , - , - , - , - ,"2,356","1,951","3,219","2,206",339
576,    เนปาล,ประชุมของหน่วยงาน,"1,250","1,824","1,605","1,674","1,867","2,033","1,790","1,464","2,187",204
577,    เนปาล,ประชุมเชิงธุรกิจ,"7,450",118,92,64,153,149,229,126,401,46
578,    เนปาล,ประชุมของสมาคม,"4,270","1,067",373,336,536,666,589,232,643,64
579,    เนปาล,งานแสดงสินค้า/นิทรรศการ,150,175,231,128,331,126,204,91,202,90
580,    เนปาล,การศึกษา, - , - , - , - , - ,"1,196","1,686","1,616","2,008",369
581,    เนปาล,การจ้างแรงงาน, - , - , - , - , - ,615,696, - , - , - 
582,    เนปาล,การขนส่ง, - , - , - , - , - ,"2,505","1,686","1,339", - , - 
583,    เนปาล,การกีฬา, - , - , - , - , - , - , - ,620,896,73
584,    เนปาล,ทางการแพทย์, - , - , - , - , - , - , - ,184,302,69
585,    เนปาล,อื่น ๆ,"3,130","8,209","7,328","7,376","7,977","3,579","3,323","4,005","4,645",325
586,    ปากีสถาน,รวม,"71,704","69,419","76,935","73,886","76,366","71,720","76,784","78,256","71,917","11,519"
587,    ปากีสถาน,ท่องเที่ยว,"25,751","49,467","58,619","56,478","59,470","57,194","62,108","61,239","58,657","10,072"
588,    ปากีสถาน,ธุรกิจ, - , - , - , - , - ,"3,579","3,531","5,512","2,758",388
589,    ปากีสถาน,ประชุมของหน่วยงาน,"5,120","4,859","3,654","3,685","4,341","3,596","3,851","2,283","3,540",238
590,    ปากีสถาน,ประชุมเชิงธุรกิจ,"31,139",301,262,752,522,"1,010",554,364,373,80
591,    ปากีสถาน,ประชุมของสมาคม,"4,676",902,562,541,863,"1,158",960,453,377,41
592,    ปากีสถาน,งานแสดงสินค้า/นิทรรศการ,285,190,363,296,236,136,421,215,233,79
593,    ปากีสถาน,การศึกษา, - , - , - , - , - ,691,772,970,638,82
594,    ปากีสถาน,การจ้างแรงงาน, - , - , - , - , - ,646,649, - , - , - 
595,    ปากีสถาน,การขนส่ง, - , - , - , - , - ,"1,804","1,670","1,281", - , - 
596,    ปากีสถาน,การกีฬา, - , - , - , - , - , - , - ,"1,259","1,933",179
597,    ปากีสถาน,ทางการแพทย์, - , - , - , - , - , - , - ,199,114,24
598,    ปากีสถาน,อื่น ๆ,"4,733","13,700","13,475","12,134","10,934","1,906","2,268","4,481","3,294",336
599,    ศรีลังกา,รวม,"53,782","73,249","76,484","76,755","75,595","67,876","63,386","62,697","70,247","8,375"
600,    ศรีลังกา,ท่องเที่ยว,"25,663","61,796","62,454","61,546","65,053","58,004","53,583","50,592","59,973","7,386"
601,    ศรีลังกา,ธุรกิจ, - , - , - , - , - ,"2,430","2,125","3,965","2,417",312
602,    ศรีลังกา,ประชุมของหน่วยงาน,"7,974","1,906","2,493","2,394","1,633","1,199","1,116",863,"1,389",85
603,    ศรีลังกา,ประชุมเชิงธุรกิจ,"14,116",235,117,261,190,130,115,157,75,11
604,    ศรีลังกา,ประชุมของสมาคม,"1,822",311,383,766,425,352,215,211,325,22
605,    ศรีลังกา,งานแสดงสินค้า/นิทรรศการ,203,141,395,273,404,125,309,163,432,38
606,    ศรีลังกา,การศึกษา, - , - , - , - , - ,"1,555","1,717","1,071","1,282",108
607,    ศรีลังกา,การจ้างแรงงาน, - , - , - , - , - ,594,612, - , - , - 
608,    ศรีลังกา,การขนส่ง, - , - , - , - , - ,492,465,751, - , - 
609,    ศรีลังกา,การกีฬา, - , - , - , - , - , - , - ,942,"1,701",142
610,    ศรีลังกา,ทางการแพทย์, - , - , - , - , - , - , - ,81,290,17
611,    ศรีลังกา,อื่น ๆ,"4,004","8,860","10,642","11,515","7,890","2,995","3,129","3,901","2,363",254
,,,,,,,,,,,,
,,,,,,,,,,,,
,,,,,,,,,,,,
,,,,,,,,,,,,
,,,,,,,,,,,,
,,,,,,,,,,,,
,,,,,,,,,,,,
,,,,,,,,,,,,
,,,,,,,,,,,,
,,,,,,,,,,,,
,,,,,,,,,,,,
,,,,,,,,,,,,
,,,,,,,,,,,,
625,โอเชียเนีย,รวม,"931,785","1,035,992","1,019,374","943,930","923,886","918,538","947,777","911,038","874,154","138,974"
626,โอเชียเนีย,ท่องเที่ยว,"419,013","895,762","879,854","820,083","783,603","819,646","837,732","794,907","764,271","127,317"
627,โอเชียเนีย,ธุรกิจ, - , - , - , - , - ,"25,589","28,805","33,226","26,003","3,381"
628,โอเชียเนีย,ประชุมของหน่วยงาน,"177,621","9,935","11,703","8,703","11,240","5,404","7,470","8,691","10,088",956
629,โอเชียเนีย,ประชุมเชิงธุรกิจ,"101,539",732,"2,066","1,732",951,367,"1,869","2,026","2,108",81
630,โอเชียเนีย,ประชุมของสมาคม,"103,491","6,721","5,445","3,426","6,091","3,249","4,227","4,334","5,225",377
631,โอเชียเนีย,งานแสดงสินค้า/นิทรรศการ,"9,781","1,300","1,613","1,521","6,280",444,"2,448","2,613","2,719",456
632,โอเชียเนีย,การศึกษา, - , - , - , - , - ,"3,088","3,827","4,386","3,887",591
633,โอเชียเนีย,การจ้างแรงงาน, - , - , - , - , - ,"6,159","6,302", - , - , - 
634,โอเชียเนีย,การขนส่ง, - , - , - , - , - ,"37,739","35,794","19,938", - , - 
635,โอเชียเนีย,การกีฬา, - , - , - , - , - , - , - ,"12,313","11,562","1,320"
636,โอเชียเนีย,ทางการแพทย์, - , - , - , - , - , - , - ,"3,435","4,745",944
637,โอเชียเนีย,อื่น ๆ,"120,340","121,542","118,693","108,465","115,721","16,853","19,303","25,169","43,546","3,551"
638,    ออสเตรเลีย,รวม,"835,719","929,962","906,004","837,497","816,053","813,017","837,485","802,234","771,798","123,743"
639,    ออสเตรเลีย,ท่องเที่ยว,"371,513","807,379","787,124","730,707","694,209","726,008","742,142","703,021","678,658","113,678"
640,    ออสเตรเลีย,ธุรกิจ, - , - , - , - , - ,"22,444","24,960","28,405","22,445","2,990"
641,    ออสเตรเลีย,ประชุมของหน่วยงาน,"160,025","8,339","9,967","7,312","9,421","4,599","6,286","7,395","8,521",811
642,    ออสเตรเลีย,ประชุมเชิงธุรกิจ,"92,799",665,"1,764","1,494",758,357,"1,766","1,835","1,954",78
643,    ออสเตรเลีย,ประชุมของสมาคม,"93,837","5,638","4,497","2,667","5,225","2,672","3,466","3,549","4,295",328
644,    ออสเตรเลีย,งานแสดงสินค้า/นิทรรศการ,"7,762","1,254","1,358","1,262","5,479",400,"2,235","1,977","1,882",375
645,    ออสเตรเลีย,การศึกษา, - , - , - , - , - ,"2,654","3,142","3,497","3,188",482
646,    ออสเตรเลีย,การจ้างแรงงาน, - , - , - , - , - ,"5,446","5,643", - , - , - 
647,    ออสเตรเลีย,การขนส่ง, - , - , - , - , - ,"33,546","30,970","17,243", - , - 
648,    ออสเตรเลีย,การกีฬา, - , - , - , - , - , - , - ,"10,956","9,831","1,126"
649,    ออสเตรเลีย,ทางการแพทย์, - , - , - , - , - , - , - ,"2,978","3,916",790
650,    ออสเตรเลีย,อื่น ๆ,"109,783","106,687","101,294","94,055","100,961","14,891","16,875","21,378","37,108","3,085"
651,    นิวซีแลนด์,รวม,"89,433","99,431","106,736","100,514","102,271","99,402","102,328","100,887","93,740","13,773"
652,    นิวซีแลนด์,ท่องเที่ยว,"44,334","84,067","88,317","85,465","85,745","89,257","89,862","86,063","79,466","12,373"
653,    นิวซีแลนด์,ธุรกิจ, - , - , - , - , - ,"2,710","3,326","4,325","3,097",332
654,    นิวซีแลนด์,ประชุมของหน่วยงาน,"16,259","1,045","1,068",880,"1,211",444,657,806,895,109
655,    นิวซีแลนด์,ประชุมเชิงธุรกิจ,"8,114",48,285,216,168,10,96,183,147,3
656,    นิวซีแลนด์,ประชุมของสมาคม,"9,060",773,601,502,635,406,548,648,688,36
657,    นิวซีแลนด์,งานแสดงสินค้า/นิทรรศการ,"1,798",46,232,186,767,37,192,622,775,77
658,    นิวซีแลนด์,การศึกษา, - , - , - , - , - ,331,589,710,552,102
659,    นิวซีแลนด์,การจ้างแรงงาน, - , - , - , - , - ,660,608, - , - , - 
660,    นิวซีแลนด์,การขนส่ง, - , - , - , - , - ,"3,907","4,423","2,486", - , - 
661,    นิวซีแลนด์,การกีฬา, - , - , - , - , - , - , - ,"1,254","1,537",172
662,    นิวซีแลนด์,ทางการแพทย์, - , - , - , - , - , - , - ,398,782,150
663,    นิวซีแลนด์,อื่น ๆ,"9,868","13,452","16,233","13,265","13,745","1,640","2,027","3,392","5,801",419
664,,,,,,,,,,,,
665,,,,,,,,,,,,
666,,,,,,,,,,,,
667,,,,,,,,,,,,
668,,,,,,,,,,,,
669,,,,,,,,,,,,
670,,,,,,,,,,,,
671,,,,,,,,,,,,
672,,,,,,,,,,,,
673,,,,,,,,,,,,
674,,,,,,,,,,,,
675,,,,,,,,,,,,
676,,,,,,,,,,,,
677,ตะวันออกกลาง,รวม,"651,912","663,933","681,173","644,265","720,791","821,458","875,043","767,796","727,318","85,230"
678,ตะวันออกกลาง,ท่องเที่ยว,"321,888","587,053","604,459","578,282","655,911","759,856","808,636","664,810","636,500","77,339"
679,ตะวันออกกลาง,ธุรกิจ, - , - , - , - , - ,"13,298","13,346","32,452","17,042","1,162"
680,ตะวันออกกลาง,ประชุมของหน่วยงาน,"75,648","7,524","8,460","5,916","6,188","4,298","4,663","6,811","5,317",373
681,ตะวันออกกลาง,ประชุมเชิงธุรกิจ,"97,573","1,044","1,306","1,704",823,277,309,993,745,72
682,ตะวันออกกลาง,ประชุมของสมาคม,"85,174","1,920","1,611","1,622","1,536","1,510","1,235","2,337","1,677",227
683,ตะวันออกกลาง,งานแสดงสินค้า/นิทรรศการ,"3,840",987,"1,293",818,"1,871",692,"1,700","2,978","1,396",277
684,ตะวันออกกลาง,การศึกษา, - , - , - , - , - ,"2,096","2,167","4,134","2,466",280
685,ตะวันออกกลาง,การจ้างแรงงาน, - , - , - , - , - ,"1,474","1,529", - , - , - 
686,ตะวันออกกลาง,การขนส่ง, - , - , - , - , - ,"12,584","13,609","11,318", - , - 
687,ตะวันออกกลาง,การกีฬา, - , - , - , - , - , - , - ,"11,642","17,732","1,004"
688,ตะวันออกกลาง,ทางการแพทย์, - , - , - , - , - , - , - ,"9,960","20,988","2,545"
689,ตะวันออกกลาง,อื่น ๆ,"67,789","65,405","64,044","55,923","54,462","25,373","27,849","20,361","23,455","1,951"
690,    อียิปต์,รวม,"15,094","17,918","26,650","26,476","22,851","24,913","19,730","18,161","19,010","3,084"
691,    อียิปต์,ท่องเที่ยว,"9,330","15,612","23,321","24,302","20,419","23,394","18,158","14,970","16,472","2,868"
692,    อียิปต์,ธุรกิจ, - , - , - , - , - ,491,509,"1,041",587,50
693,    อียิปต์,ประชุมของหน่วยงาน,"1,963",547,"1,081",589,439,259,268,303,349,25
694,    อียิปต์,ประชุมเชิงธุรกิจ,"1,800",21,15,54,32,17,4,30,36,5
695,    อียิปต์,ประชุมของสมาคม,858,207,180,273,143,40,48,121,91,3
696,    อียิปต์,งานแสดงสินค้า/นิทรรศการ,74,82,81,141,85,27,140,89,82,14
697,    อียิปต์,การศึกษา, - , - , - , - , - ,77,83,131,99,6
698,    อียิปต์,การจ้างแรงงาน, - , - , - , - , - ,68,66, - , - , - 
699,    อียิปต์,การขนส่ง, - , - , - , - , - ,226,176,335, - , - 
700,    อียิปต์,การกีฬา, - , - , - , - , - , - , - ,474,535,38
701,    อียิปต์,ทางการแพทย์, - , - , - , - , - , - , - ,96,70,8
702,    อียิปต์,อื่น ๆ,"1,069","1,449","1,972","1,117","1,733",314,278,571,689,67
703,    อิสราเอล,รวม,"125,149","125,666","133,438","137,552","138,499","161,254","174,815","185,366","194,081","29,568"
704,    อิสราเอล,ท่องเที่ยว,"59,824","108,459","115,272","118,446","123,341","147,756","159,308","161,494","170,476","27,222"
705,    อิสราเอล,ธุรกิจ, - , - , - , - , - ,"3,598","4,075","8,953","7,374",556
706,    อิสราเอล,ประชุมของหน่วยงาน,"15,517","1,142","1,277","1,069","1,169",587,787,"1,217","1,075",120
707,    อิสราเอล,ประชุมเชิงธุรกิจ,"16,100",316,300,561,37,28,92,170,211,33
708,    อิสราเอล,ประชุมของสมาคม,"12,918",330,365,280,245,182,280,550,597,133
709,    อิสราเอล,งานแสดงสินค้า/นิทรรศการ,"1,665",160,196,150,595,83,474,379,315,52
710,    อิสราเอล,การศึกษา, - , - , - , - , - ,378,460,744,770,97
711,    อิสราเอล,การจ้างแรงงาน, - , - , - , - , - ,477,507, - , - , - 
712,    อิสราเอล,การขนส่ง, - , - , - , - , - ,"5,127","5,354","3,556", - , - 
713,    อิสราเอล,การกีฬา, - , - , - , - , - , - , - ,"1,932","3,684",154
714,    อิสราเอล,ทางการแพทย์, - , - , - , - , - , - , - ,195,144,34
715,    อิสราเอล,อื่น ๆ,"19,125","15,259","16,028","17,046","13,112","3,038","3,478","6,176","9,435","1,167"
716,    คูเวต,รวม,"60,425","69,223","75,388","61,303","72,830","68,168","80,895","77,365","84,504","11,149"
717,    คูเวต,ท่องเที่ยว,"27,933","64,285","70,334","56,858","67,809","64,367","76,033","68,472","73,779","9,851"
718,    คูเวต,ธุรกิจ, - , - , - , - , - ,447,479,"2,067","1,371",47
719,    คูเวต,ประชุมของหน่วยงาน,"4,577",330,337,415,259,194,215,323,347,19
720,    คูเวต,ประชุมเชิงธุรกิจ,"3,298",107,168,148,161,28,32,73,94,11
721,    คูเวต,ประชุมของสมาคม,"15,459",133,52,82,101,170,123,175,177,15
722,    คูเวต,งานแสดงสินค้า/นิทรรศการ,96,27,63,27,129,50,53,250,166,26
723,    คูเวต,การศึกษา, - , - , - , - , - ,95,92,352,104,15
724,    คูเวต,การจ้างแรงงาน, - , - , - , - , - ,51,57, - , - , - 
725,    คูเวต,การขนส่ง, - , - , - , - , - ,707,971,965, - , - 
726,    คูเวต,การกีฬา, - , - , - , - , - , - , - ,"1,358","1,975",132
727,    คูเวต,ทางการแพทย์, - , - , - , - , - , - , - ,"1,702","4,463",900
728,    คูเวต,อื่น ๆ,"9,062","4,341","4,434","3,773","4,371","2,059","2,840","1,628","2,028",133
729,    ซาอุดีอาระเบีย,รวม,"17,535","23,007","26,121","17,970","25,153","33,038","42,610","35,090","36,783","6,372"
730,    ซาอุดีอาระเบีย,ท่องเที่ยว,"9,827","20,570","23,164","15,890","22,862","30,966","40,116","30,388","31,855","5,939"
731,    ซาอุดีอาระเบีย,ธุรกิจ, - , - , - , - , - ,649,636,"1,589","1,427",45
732,    ซาอุดีอาระเบีย,ประชุมของหน่วยงาน,"1,715",222,438,289,374,152,176,236,302,26
733,    ซาอุดีอาระเบีย,ประชุมเชิงธุรกิจ,"2,978",54,76,47,99,17,5,61,58,4
734,    ซาอุดีอาระเบีย,ประชุมของสมาคม,"1,632",34,122,129,26,34,79,144,150,15
735,    ซาอุดีอาระเบีย,งานแสดงสินค้า/นิทรรศการ,81,48,58,51,64,39,80,148,152,50
736,    ซาอุดีอาระเบีย,การศึกษา, - , - , - , - , - ,83,89,141,155,8
737,    ซาอุดีอาระเบีย,การจ้างแรงงาน, - , - , - , - , - ,30,39, - , - , - 
738,    ซาอุดีอาระเบีย,การขนส่ง, - , - , - , - , - ,400,563,536, - , - 
739,    ซาอุดีอาระเบีย,การกีฬา, - , - , - , - , - , - , - ,510,937,82
740,    ซาอุดีอาระเบีย,ทางการแพทย์, - , - , - , - , - , - , - ,290,725,138
741,    ซาอุดีอาระเบีย,อื่น ๆ,"1,302","2,079","2,263","1,564","1,728",668,827,"1,047","1,022",65
742,    สหรัฐอาหรับเอมิเรตส์,รวม,"149,873","163,604","164,710","153,594","171,516","187,665","199,475","151,137","145,530","9,550"
743,    สหรัฐอาหรับเอมิเรตส์,ท่องเที่ยว,"76,052","145,496","148,710","142,547","158,763","173,413","185,074","128,607","128,752","8,630"
744,    สหรัฐอาหรับเอมิเรตส์,ธุรกิจ, - , - , - , - , - ,"2,975","2,983","7,301","2,350",123
745,    สหรัฐอาหรับเอมิเรตส์,ประชุมของหน่วยงาน,"18,227","1,607","2,272","1,214","1,555","1,259","1,301","1,805","1,194",51
746,    สหรัฐอาหรับเอมิเรตส์,ประชุมเชิงธุรกิจ,"19,295",224,334,384,206,68,68,246,153,6
747,    สหรัฐอาหรับเอมิเรตส์,ประชุมของสมาคม,"24,418",538,235,243,273,263,186,460,294,22
748,    สหรัฐอาหรับเอมิเรตส์,งานแสดงสินค้า/นิทรรศการ,267,167,253,75,375,122,224,699,261,27
749,    สหรัฐอาหรับเอมิเรตส์,การศึกษา, - , - , - , - , - ,530,470,655,344,63
750,    สหรัฐอาหรับเอมิเรตส์,การจ้างแรงงาน, - , - , - , - , - ,140,173, - , - , - 
751,    สหรัฐอาหรับเอมิเรตส์,การขนส่ง, - , - , - , - , - ,"2,183","2,421","2,435", - , - 
752,    สหรัฐอาหรับเอมิเรตส์,การกีฬา, - , - , - , - , - , - , - ,"2,505","3,114",63
753,    สหรัฐอาหรับเอมิเรตส์,ทางการแพทย์, - , - , - , - , - , - , - ,"2,847","6,215",428
754,    สหรัฐอาหรับเอมิเรตส์,อื่น ๆ,"11,614","15,572","12,906","9,131","10,344","6,712","6,575","3,577","2,853",137
,,,,,,,,,,,,
,,,,,,,,,,,,
,,,,,,,,,,,,
,,,,,,,,,,,,
,,,,,,,,,,,,
,,,,,,,,,,,,
,,,,,,,,,,,,
,,,,,,,,,,,,
,,,,,,,,,,,,
,,,,,,,,,,,,
,,,,,,,,,,,,
,,,,,,,,,,,,
,,,,,,,,,,,,
768,แอฟริกา,รวม,"141,255","157,309","162,647","162,772","164,674","172,734","192,294","200,328","196,819","25,063"
769,แอฟริกา,ท่องเที่ยว,"67,873","120,961","127,896","130,602","132,289","149,315","171,685","151,717","153,109","19,820"
770,แอฟริกา,ธุรกิจ, - , - , - , - , - ,"5,987","4,632","10,206","6,158",896
771,แอฟริกา,ประชุมของหน่วยงาน,"20,987","3,982","4,425","3,286","4,382","2,127","1,315","2,745","2,251",203
772,แอฟริกา,ประชุมเชิงธุรกิจ,"29,628",339,521,530,507,432,548,953,769,76
773,แอฟริกา,ประชุมของสมาคม,"10,127","2,508",910,810,"1,204","1,002","1,013","2,696","2,156",236
774,แอฟริกา,งานแสดงสินค้า/นิทรรศการ,901,201,387,307,"1,115",915,"1,017","4,284","5,794",877
775,แอฟริกา,การศึกษา, - , - , - , - , - ,"2,528","1,842","3,368","3,823",609
776,แอฟริกา,การจ้างแรงงาน, - , - , - , - , - ,"1,650","1,995", - , - , - 
777,แอฟริกา,การขนส่ง, - , - , - , - , - ,"2,618","2,684","3,983", - , - 
778,แอฟริกา,การกีฬา, - , - , - , - , - , - , - ,"3,077","3,316",323
779,แอฟริกา,ทางการแพทย์, - , - , - , - , - , - , - ,"1,603","2,419",577
780,แอฟริกา,อื่น ๆ,"11,739","29,318","28,508","27,237","25,177","6,160","5,563","15,696","17,024","1,446"
781,    สาธารณรัฐแอฟริกาใต้,รวม,"66,705","73,530","73,657","70,574","74,397","76,541","91,182","97,071","89,750","9,692"
782,    สาธารณรัฐแอฟริกาใต้,ท่องเที่ยว,"35,870","66,851","65,220","64,471","67,741","72,255","84,297","82,721","80,863","8,794"
783,    สาธารณรัฐแอฟริกาใต้,ธุรกิจ, - , - , - , - , - ,"1,473","1,840","2,766","1,813",245
784,    สาธารณรัฐแอฟริกาใต้,ประชุมของหน่วยงาน,"11,549",589,"1,149",936,916,318,498,"1,158",633,45
785,    สาธารณรัฐแอฟริกาใต้,ประชุมเชิงธุรกิจ,"8,844",138,247,303,92,106,341,268,315,28
786,    สาธารณรัฐแอฟริกาใต้,ประชุมของสมาคม,"4,385",229,232,305,343,189,533,"1,070",486,34
787,    สาธารณรัฐแอฟริกาใต้,งานแสดงสินค้า/นิทรรศการ,541,75,86,51,132,49,226,746,395,70
788,    สาธารณรัฐแอฟริกาใต้,การศึกษา, - , - , - , - , - ,238,541,882,767,121
789,    สาธารณรัฐแอฟริกาใต้,การจ้างแรงงาน, - , - , - , - , - ,604,933, - , - , - 
790,    สาธารณรัฐแอฟริกาใต้,การขนส่ง, - , - , - , - , - ,635,863,"1,674", - , - 
791,    สาธารณรัฐแอฟริกาใต้,การกีฬา, - , - , - , - , - , - , - ,"1,779","1,374",73
792,    สาธารณรัฐแอฟริกาใต้,ทางการแพทย์, - , - , - , - , - , - , - ,412,164,21
793,    สาธารณรัฐแอฟริกาใต้,อื่น ๆ,"5,516","5,648","6,723","4,508","5,173",674,"1,110","3,595","2,940",261
,,,,,,,,,,,,
,,,,,,,,,,,,
,,,,,,,,,,,,
,,,,,,,,,,,,
,,,,,,,,,,,,
,,,,,,,,,,,,
,,,,,,,,,,,,
,,,,,,,,,,,,
,,,,,,,,,,,,
,,,,,,,,,,,,
,,,,,,,,,,,,
,,,,,,,,,,,,
,,,,,,,,,,,,
